sex,agedays,param,sd.median
0,1,HCCM,-0.050011526
0,2,HCCM,-0.050011526
0,3,HCCM,-0.050011526
0,4,HCCM,0.030020765
0,5,HCCM,0.030036288
0,6,HCCM,0.111460082
0,7,HCCM,0.11188713
0,8,HCCM,0.112411985
0,9,HCCM,0.195810317
0,10,HCCM,0.196882707
0,11,HCCM,0.197832124
0,12,HCCM,0.198952477
0,13,HCCM,0.115056558
0,14,HCCM,0.115621306
0,15,HCCM,0.115395316
0,16,HCCM,0.117113697
0,17,HCCM,0.120724968
0,18,HCCM,0.126231451
0,19,HCCM,0.133505351
0,20,HCCM,0.142328964
0,21,HCCM,0.152794351
0,22,HCCM,0.164635306
0,23,HCCM,0.177981882
0,24,HCCM,0.192614918
0,25,HCCM,0.122812516
0,26,HCCM,0.139947558
0,27,HCCM,0.158291576
0,28,HCCM,0.17761533
0,29,HCCM,0.198121766
0,30,HCCM,0.21968446
0,31,HCCM,0.242193075
0,32,HCCM,0.180011966
0,33,HCCM,0.20444501
0,34,HCCM,0.22979607
0,35,HCCM,0.255935492
0,36,HCCM,0.19741243
0,37,HCCM,0.225277699
0,38,HCCM,0.253829038
0,39,HCCM,0.283237577
0,40,HCCM,0.227767437
0,41,HCCM,0.258553063
0,42,HCCM,0.290019702
0,43,HCCM,0.236651693
0,44,HCCM,0.269408431
0,45,HCCM,0.302762683
0,46,HCCM,0.251224013
0,47,HCCM,0.285955085
0,48,HCCM,0.321103922
0,49,HCCM,0.271395058
0,50,HCCM,0.307657654
0,51,HCCM,0.2590034
0,52,HCCM,0.296378704
0,53,HCCM,0.334176499
0,54,HCCM,0.287088271
0,55,HCCM,0.32581408
0,56,HCCM,0.364967449
0,57,HCCM,0.319373281
0,58,HCCM,0.35935728
0,59,HCCM,0.314562643
0,60,HCCM,0.3553077
0,61,HCCM,0.311287773
0,62,HCCM,0.352902365
0,63,HCCM,0.309583262
0,64,HCCM,0.351850858
0,65,HCCM,0.394526193
0,66,HCCM,0.352353323
0,67,HCCM,0.395699631
0,68,HCCM,0.354322967
0,69,HCCM,0.398333949
0,70,HCCM,0.357665207
0,71,HCCM,0.40234831
0,72,HCCM,0.362384755
0,73,HCCM,0.407609904
0,74,HCCM,0.368273641
0,75,HCCM,0.414207738
0,76,HCCM,0.375441249
0,77,HCCM,0.336999433
0,78,HCCM,0.383809652
0,79,HCCM,0.346076782
0,80,HCCM,0.393372793
0,81,HCCM,0.356173596
0,82,HCCM,0.404042374
0,83,HCCM,0.36733486
0,84,HCCM,0.415824839
0,85,HCCM,0.379643274
0,86,HCCM,0.428478572
0,87,HCCM,0.392835888
0,88,HCCM,0.357477471
0,89,HCCM,0.407181375
0,90,HCCM,0.372347232
0,91,HCCM,0.422400873
0,92,HCCM,0.388008853
0,93,HCCM,0.438458601
0,94,HCCM,0.404599685
0,95,HCCM,0.370931307
0,96,HCCM,0.422028923
0,97,HCCM,0.388752784
0,98,HCCM,0.440226414
0,99,HCCM,0.407451684
0,100,HCCM,0.375036483
0,101,HCCM,0.427161253
0,102,HCCM,0.394962938
0,103,HCCM,0.447462779
0,104,HCCM,0.415849255
0,105,HCCM,0.384373714
0,106,HCCM,0.437419736
0,107,HCCM,0.406438929
0,108,HCCM,0.459734684
0,109,HCCM,0.429195634
0,110,HCCM,0.398786258
0,111,HCCM,0.452683255
0,112,HCCM,0.422623622
0,113,HCCM,0.476913828
0,114,HCCM,0.447287888
0,115,HCCM,0.417921043
0,116,HCCM,0.472594996
0,117,HCCM,0.443514504
0,118,HCCM,0.414774554
0,119,HCCM,0.469903262
0,120,HCCM,0.441448569
0,121,HCCM,0.497027614
0,122,HCCM,0.46883618
0,123,HCCM,0.440923131
0,124,HCCM,0.496951738
0,125,HCCM,0.469381822
0,126,HCCM,0.441919078
0,127,HCCM,0.498320526
0,128,HCCM,0.471208822
0,129,HCCM,0.444443843
0,130,HCCM,0.501297115
0,131,HCCM,0.474716019
0,132,HCCM,0.448327329
0,133,HCCM,0.505534185
0,134,HCCM,0.479492662
0,135,HCCM,0.453640392
0,136,HCCM,0.511205452
0,137,HCCM,0.485698974
0,138,HCCM,0.460294318
0,139,HCCM,0.518295827
0,140,HCCM,0.493236514
0,141,HCCM,0.468363043
0,142,HCCM,0.526728819
0,143,HCCM,0.502198653
0,144,HCCM,0.477768832
0,145,HCCM,0.536489499
0,146,HCCM,0.512402789
0,147,HCCM,0.488418774
0,148,HCCM,0.547582515
0,149,HCCM,0.523853865
0,150,HCCM,0.500217336
0,151,HCCM,0.476776625
0,152,HCCM,0.536444499
0,153,HCCM,0.513344275
0,154,HCCM,0.490427601
0,155,HCCM,0.55026089
0,156,HCCM,0.527604467
0,157,HCCM,0.505048407
0,158,HCCM,0.565423097
0,159,HCCM,0.543013245
0,160,HCCM,0.520898246
0,161,HCCM,0.498961988
0,162,HCCM,0.55975182
0,163,HCCM,0.537878386
0,164,HCCM,0.516297736
0,165,HCCM,0.494980716
0,166,HCCM,0.555910517
0,167,HCCM,0.534767697
0,168,HCCM,0.513804039
0,169,HCCM,0.575079856
0,170,HCCM,0.554372541
0,171,HCCM,0.533761714
0,172,HCCM,0.513061154
0,173,HCCM,0.574938742
0,174,HCCM,0.554482196
0,175,HCCM,0.534399969
0,176,HCCM,0.514416331
0,177,HCCM,0.576436303
0,178,HCCM,0.556707186
0,179,HCCM,0.536878056
0,180,HCCM,0.517419812
0,181,HCCM,0.579757999
0,182,HCCM,0.560556793
0,183,HCCM,0.541173973
0,184,HCCM,0.522158493
0,185,HCCM,0.58490611
0,186,HCCM,0.566065411
0,187,HCCM,0.547200633
0,188,HCCM,0.528626323
0,189,HCCM,0.591703168
0,190,HCCM,0.573384471
0,191,HCCM,0.554960694
0,192,HCCM,0.53682444
0,193,HCCM,0.600223964
0,194,HCCM,0.582346895
0,195,HCCM,0.564353111
0,196,HCCM,0.546656972
0,197,HCCM,0.610388132
0,198,HCCM,0.592651007
0,199,HCCM,0.575299858
0,200,HCCM,0.557839956
0,201,HCCM,0.540671183
0,202,HCCM,0.604787793
0,203,HCCM,0.587581592
0,204,HCCM,0.570756087
0,205,HCCM,0.553822316
0,206,HCCM,0.618169271
0,207,HCCM,0.601607032
0,208,HCCM,0.584925046
0,209,HCCM,0.568422536
0,210,HCCM,0.552130999
0,211,HCCM,0.616871957
0,212,HCCM,0.600619838
0,213,HCCM,0.584590688
0,214,HCCM,0.56852493
0,215,HCCM,0.552473407
0,216,HCCM,0.617805888
0,217,HCCM,0.60198891
0,218,HCCM,0.586267985
0,219,HCCM,0.570845714
0,220,HCCM,0.555309017
0,221,HCCM,0.620658711
0,222,HCCM,0.605496957
0,223,HCCM,0.590207164
0,224,HCCM,0.575012338
0,225,HCCM,0.559914719
0,226,HCCM,0.625859675
0,227,HCCM,0.610910695
0,228,HCCM,0.596055226
0,229,HCCM,0.581293052
0,230,HCCM,0.566830495
0,231,HCCM,0.632871387
0,232,HCCM,0.618270108
0,233,HCCM,0.603849302
0,234,HCCM,0.589728388
0,235,HCCM,0.575406238
0,236,HCCM,0.561257249
0,237,HCCM,0.627581349
0,238,HCCM,0.613504054
0,239,HCCM,0.599733741
0,240,HCCM,0.585839008
0,241,HCCM,0.572032459
0,242,HCCM,0.638652703
0,243,HCCM,0.625001604
0,244,HCCM,0.611582664
0,245,HCCM,0.598109565
0,246,HCCM,0.584648888
0,247,HCCM,0.571279668
0,248,HCCM,0.638187368
0,249,HCCM,0.62519335
0,250,HCCM,0.611980599
0,251,HCCM,0.598941999
0,252,HCCM,0.585912739
0,253,HCCM,0.65304035
0,254,HCCM,0.640163154
0,255,HCCM,0.627518759
0,256,HCCM,0.614816298
0,257,HCCM,0.602125949
0,258,HCCM,0.589524904
0,259,HCCM,0.656941047
0,260,HCCM,0.644410255
0,261,HCCM,0.631968549
0,262,HCCM,0.619838413
0,263,HCCM,0.607573215
0,264,HCCM,0.595317086
0,265,HCCM,0.583228964
0,266,HCCM,0.65092169
0,267,HCCM,0.638823949
0,268,HCCM,0.626894836
0,269,HCCM,0.614976774
0,270,HCCM,0.603359488
0,271,HCCM,0.591533679
0,272,HCCM,0.659435307
0,273,HCCM,0.647758631
0,274,HCCM,0.636170432
0,275,HCCM,0.624592835
0,276,HCCM,0.613098638
0,277,HCCM,0.601695775
0,278,HCCM,0.590380041
0,279,HCCM,0.658776248
0,280,HCCM,0.647446641
0,281,HCCM,0.63628659
0,282,HCCM,0.625130133
0,283,HCCM,0.613981308
0,284,HCCM,0.603001526
0,285,HCCM,0.671377205
0,286,HCCM,0.66046754
0,287,HCCM,0.649563588
0,288,HCCM,0.638746842
0,289,HCCM,0.627939734
0,290,HCCM,0.617296194
0,291,HCCM,0.606878724
0,292,HCCM,0.675458842
0,293,HCCM,0.66488928
0,294,HCCM,0.65440645
0,295,HCCM,0.643928832
0,296,HCCM,0.633537749
0,297,HCCM,0.623235475
0,298,HCCM,0.612934996
0,299,HCCM,0.602644355
0,300,HCCM,0.67155527
0,301,HCCM,0.661413183
0,302,HCCM,0.651276728
0,303,HCCM,0.641226282
0,304,HCCM,0.631263315
0,305,HCCM,0.621302576
0,306,HCCM,0.611430735
0,307,HCCM,0.680685424
0,308,HCCM,0.670878944
0,309,HCCM,0.661076923
0,310,HCCM,0.651360442
0,311,HCCM,0.641728566
0,312,HCCM,0.632104978
0,313,HCCM,0.622562611
0,314,HCCM,0.613025233
0,315,HCCM,0.682242773
0,316,HCCM,0.672856789
0,317,HCCM,0.66339707
0,318,HCCM,0.654100083
0,319,HCCM,0.644808629
0,320,HCCM,0.635521103
0,321,HCCM,0.626318299
0,322,HCCM,0.617122534
0,323,HCCM,0.686590932
0,324,HCCM,0.677543894
0,325,HCCM,0.668501336
0,326,HCCM,0.659463252
0,327,HCCM,0.650508772
0,328,HCCM,0.641558683
0,329,HCCM,0.632692036
0,330,HCCM,0.62390951
0,331,HCCM,0.693480397
0,332,HCCM,0.684768999
0,333,HCCM,0.676062552
0,334,HCCM,0.667356261
0,335,HCCM,0.658737106
0,336,HCCM,0.650121221
0,337,HCCM,0.641589121
0,338,HCCM,0.633061009
0,339,HCCM,0.624536881
0,340,HCCM,0.694362365
0,341,HCCM,0.686235017
0,342,HCCM,0.677859263
0,343,HCCM,0.669490535
0,344,HCCM,0.661204504
0,345,HCCM,0.652919046
0,346,HCCM,0.644719324
0,347,HCCM,0.636524079
0,348,HCCM,0.628410442
0,349,HCCM,0.69843306
0,350,HCCM,0.690309273
0,351,HCCM,0.682271863
0,352,HCCM,0.674313558
0,353,HCCM,0.666282384
0,354,HCCM,0.65833104
0,355,HCCM,0.650464986
0,356,HCCM,0.642602318
0,357,HCCM,0.634743036
0,358,HCCM,0.704948736
0,359,HCCM,0.697158089
0,360,HCCM,0.689449411
0,361,HCCM,0.681743983
0,362,HCCM,0.673800124
0,363,HCCM,0.666186439
0,364,HCCM,0.658571963
0,365,HCCM,0.650960662
0,366,HCCM,0.64343492
0,367,HCCM,0.713716021
0,368,HCCM,0.706258978
0,369,HCCM,0.698801805
0,370,HCCM,0.691350051
0,371,HCCM,0.68398056
0,372,HCCM,0.67661404
0,373,HCCM,0.669331236
0,374,HCCM,0.661970621
0,375,HCCM,0.654691281
0,376,HCCM,0.647493119
0,377,HCCM,0.717949288
0,378,HCCM,0.710741496
0,379,HCCM,0.70361806
0,380,HCCM,0.696498191
0,381,HCCM,0.689380304
0,382,HCCM,0.682340286
0,383,HCCM,0.675227911
0,384,HCCM,0.668275493
0,385,HCCM,0.661246762
0,386,HCCM,0.654299665
0,387,HCCM,0.724938187
0,388,HCCM,0.717981605
0,389,HCCM,0.711105094
0,390,HCCM,0.704235118
0,391,HCCM,0.697442724
0,392,HCCM,0.69065522
0,393,HCCM,0.68386787
0,394,HCCM,0.677164267
0,395,HCCM,0.670385081
0,396,HCCM,0.663764438
0,397,HCCM,0.657065058
0,398,HCCM,0.727790056
0,399,HCCM,0.721162627
0,400,HCCM,0.714537599
0,401,HCCM,0.707993009
0,402,HCCM,0.701202495
0,403,HCCM,0.694664931
0,404,HCCM,0.688130493
0,405,HCCM,0.681678651
0,406,HCCM,0.675225941
0,407,HCCM,0.668857287
0,408,HCCM,0.662409107
0,409,HCCM,0.733209959
0,410,HCCM,0.726909321
0,411,HCCM,0.720536101
0,412,HCCM,0.714242189
0,413,HCCM,0.70795123
0,414,HCCM,0.701661649
0,415,HCCM,0.695452812
0,416,HCCM,0.689246085
0,417,HCCM,0.683041466
0,418,HCCM,0.676838169
0,419,HCCM,0.670715452
0,420,HCCM,0.741611996
0,421,HCCM,0.735483619
0,422,HCCM,0.729354152
0,423,HCCM,0.723307628
0,424,HCCM,0.717259963
0,425,HCCM,0.710959474
0,426,HCCM,0.704998755
0,427,HCCM,0.69903998
0,428,HCCM,0.693003204
0,429,HCCM,0.687125908
0,430,HCCM,0.681172962
0,431,HCCM,0.675299473
0,432,HCCM,0.746266868
0,433,HCCM,0.740384799
0,434,HCCM,0.734504623
0,435,HCCM,0.728704702
0,436,HCCM,0.722905837
0,437,HCCM,0.717109594
0,438,HCCM,0.711314407
0,439,HCCM,0.705602454
0,440,HCCM,0.699888374
0,441,HCCM,0.694176863
0,442,HCCM,0.688469484
0,443,HCCM,0.68259436
0,444,HCCM,0.753562693
0,445,HCCM,0.747925831
0,446,HCCM,0.742370502
0,447,HCCM,0.736737089
0,448,HCCM,0.731185942
0,449,HCCM,0.725559102
0,450,HCCM,0.720011349
0,451,HCCM,0.714542612
0,452,HCCM,0.708995079
0,453,HCCM,0.703529639
0,454,HCCM,0.698065835
0,455,HCCM,0.692603665
0,456,HCCM,0.687143129
0,457,HCCM,0.758279533
0,458,HCCM,0.752807674
0,459,HCCM,0.747153402
0,460,HCCM,0.741767129
0,461,HCCM,0.736460459
0,462,HCCM,0.731080457
0,463,HCCM,0.72577611
0,464,HCCM,0.720474083
0,465,HCCM,0.715175933
0,466,HCCM,0.709876203
0,467,HCCM,0.704581127
0,468,HCCM,0.69936233
0,469,HCCM,0.694147359
0,470,HCCM,0.765281572
0,471,HCCM,0.760055558
0,472,HCCM,0.754834935
0,473,HCCM,0.749423831
0,474,HCCM,0.744285115
0,475,HCCM,0.739144731
0,476,HCCM,0.734008127
0,477,HCCM,0.728873745
0,478,HCCM,0.723817802
0,479,HCCM,0.718685508
0,480,HCCM,0.713632385
0,481,HCCM,0.708580661
0,482,HCCM,0.703529558
0,483,HCCM,0.69848063
0,484,HCCM,0.76967959
0,485,HCCM,0.764622898
0,486,HCCM,0.759372803
0,487,HCCM,0.754396854
0,488,HCCM,0.749423038
0,489,HCCM,0.744530577
0,490,HCCM,0.739559447
0,491,HCCM,0.734669628
0,492,HCCM,0.729778015
0,493,HCCM,0.724890815
0,494,HCCM,0.720001821
0,495,HCCM,0.715117239
0,496,HCCM,0.710230863
0,497,HCCM,0.705426401
0,498,HCCM,0.776618404
0,499,HCCM,0.771526549
0,500,HCCM,0.766716826
0,501,HCCM,0.761908369
0,502,HCCM,0.757098851
0,503,HCCM,0.752369667
0,504,HCCM,0.747564986
0,505,HCCM,0.742838271
0,506,HCCM,0.738113554
0,507,HCCM,0.733389285
0,508,HCCM,0.728666239
0,509,HCCM,0.724021813
0,510,HCCM,0.719301191
0,511,HCCM,0.714402865
0,512,HCCM,0.709763662
0,513,HCCM,0.780922813
0,514,HCCM,0.77627633
0,515,HCCM,0.771630255
0,516,HCCM,0.766989231
0,517,HCCM,0.762422117
0,518,HCCM,0.757856918
0,519,HCCM,0.753215527
0,520,HCCM,0.748655722
0,521,HCCM,0.744093965
0,522,HCCM,0.739532575
0,523,HCCM,0.734789966
0,524,HCCM,0.730233237
0,525,HCCM,0.725756381
0,526,HCCM,0.721201909
0,527,HCCM,0.716728041
0,528,HCCM,0.712251415
0,529,HCCM,0.783395644
0,530,HCCM,0.778915795
0,531,HCCM,0.77451042
0,532,HCCM,0.770031978
0,533,HCCM,0.765631833
0,534,HCCM,0.760881316
0,535,HCCM,0.756484882
0,536,HCCM,0.752089509
0,537,HCCM,0.747695194
0,538,HCCM,0.743298854
0,539,HCCM,0.738905886
0,540,HCCM,0.734591789
0,541,HCCM,0.730200918
0,542,HCCM,0.72588811
0,543,HCCM,0.721576322
0,544,HCCM,0.717009387
0,545,HCCM,0.788045323
0,546,HCCM,0.783805526
0,547,HCCM,0.779491209
0,548,HCCM,0.775177141
0,549,HCCM,0.770864093
0,550,HCCM,0.766628286
0,551,HCCM,0.762393463
0,552,HCCM,0.758083436
0,553,HCCM,0.753850597
0,554,HCCM,0.749621816
0,555,HCCM,0.745124824
0,556,HCCM,0.740897208
0,557,HCCM,0.736669804
0,558,HCCM,0.732522507
0,559,HCCM,0.728297047
0,560,HCCM,0.724149352
0,561,HCCM,0.795254512
0,562,HCCM,0.79102323
0,563,HCCM,0.786869051
0,564,HCCM,0.782719663
0,565,HCCM,0.778289513
0,566,HCCM,0.774142724
0,567,HCCM,0.770070601
0,568,HCCM,0.765925681
0,569,HCCM,0.761855393
0,570,HCCM,0.75771234
0,571,HCCM,0.753643119
0,572,HCCM,0.749578641
0,573,HCCM,0.745435311
0,574,HCCM,0.741372664
0,575,HCCM,0.737047113
0,576,HCCM,0.732983896
0,577,HCCM,0.729001245
0,578,HCCM,0.724942887
0,579,HCCM,0.79592995
0,580,HCCM,0.791938671
0,581,HCCM,0.787950566
0,582,HCCM,0.783888198
0,583,HCCM,0.779901853
0,584,HCCM,0.775640429
0,585,HCCM,0.771654184
0,586,HCCM,0.767672641
0,587,HCCM,0.763691967
0,588,HCCM,0.759711398
0,589,HCCM,0.755732464
0,590,HCCM,0.751829377
0,591,HCCM,0.747852165
0,592,HCCM,0.743951531
0,593,HCCM,0.739787136
0,594,HCCM,0.735813913
0,595,HCCM,0.731917191
0,596,HCCM,0.728021304
0,597,HCCM,0.7989729
0,598,HCCM,0.795070668
0,599,HCCM,0.791169272
0,600,HCCM,0.787268711
0,601,HCCM,0.783443913
0,602,HCCM,0.779545006
0,603,HCCM,0.775373564
0,604,HCCM,0.771553331
0,605,HCCM,0.767733899
0,606,HCCM,0.76383892
0,607,HCCM,0.760021106
0,608,HCCM,0.756207146
0,609,HCCM,0.752390933
0,610,HCCM,0.748575521
0,611,HCCM,0.744763959
0,612,HCCM,0.74068618
0,613,HCCM,0.736874524
0,614,HCCM,0.733141386
0,615,HCCM,0.729331311
0,616,HCCM,0.800162727
0,617,HCCM,0.796425021
0,618,HCCM,0.792685031
0,619,HCCM,0.7888703
0,620,HCCM,0.784855304
0,621,HCCM,0.781118963
0,622,HCCM,0.777386437
0,623,HCCM,0.773651629
0,624,HCCM,0.769920634
0,625,HCCM,0.766187359
0,626,HCCM,0.762457894
0,627,HCCM,0.758726911
0,628,HCCM,0.755074319
0,629,HCCM,0.751079654
0,630,HCCM,0.747426802
0,631,HCCM,0.743702455
0,632,HCCM,0.740054126
0,633,HCCM,0.736403489
0,634,HCCM,0.732681401
0,635,HCCM,0.729032245
0,636,HCCM,0.799826833
0,637,HCCM,0.795891375
0,638,HCCM,0.792241285
0,639,HCCM,0.788588886
0,640,HCCM,0.785015522
0,641,HCCM,0.781367614
0,642,HCCM,0.777721198
0,643,HCCM,0.774071714
0,644,HCCM,0.770501202
0,645,HCCM,0.766856205
0,646,HCCM,0.763016333
0,647,HCCM,0.759449207
0,648,HCCM,0.755804632
0,649,HCCM,0.752238923
0,650,HCCM,0.748674672
0,651,HCCM,0.745110361
0,652,HCCM,0.741546751
0,653,HCCM,0.737984597
0,654,HCCM,0.73416121
0,655,HCCM,0.730600963
0,656,HCCM,0.727117142
0,657,HCCM,0.797760135
0,658,HCCM,0.794194691
0,659,HCCM,0.790705785
0,660,HCCM,0.787141724
0,661,HCCM,0.783653413
0,662,HCCM,0.779814177
0,663,HCCM,0.776328458
0,664,HCCM,0.772844166
0,665,HCCM,0.769359785
0,666,HCCM,0.765879101
0,667,HCCM,0.762321875
0,668,HCCM,0.758839513
0,669,HCCM,0.755433483
0,670,HCCM,0.751685224
0,671,HCCM,0.748206842
0,672,HCCM,0.744728372
0,673,HCCM,0.741254348
0,674,HCCM,0.737852021
0,675,HCCM,0.734376291
0,676,HCCM,0.730975254
0,677,HCCM,0.727503863
0,678,HCCM,0.723846884
0,679,HCCM,0.794416477
0,680,HCCM,0.790937426
0,681,HCCM,0.787537658
0,682,HCCM,0.784135504
0,683,HCCM,0.780733231
0,684,HCCM,0.777335374
0,685,HCCM,0.773934376
0,686,HCCM,0.770264162
0,687,HCCM,0.766866399
0,688,HCCM,0.763468518
0,689,HCCM,0.760149746
0,690,HCCM,0.756753877
0,691,HCCM,0.75335789
0,692,HCCM,0.750040967
0,693,HCCM,0.746646237
0,694,HCCM,0.743066669
0,695,HCCM,0.739752757
0,696,HCCM,0.736361108
0,697,HCCM,0.733045409
0,698,HCCM,0.729733329
0,699,HCCM,0.726421855
0,700,HCCM,0.723107222
0,701,HCCM,0.719796959
0,702,HCCM,0.716230039
0,703,HCCM,0.786649594
0,704,HCCM,0.783331817
0,705,HCCM,0.780018413
0,706,HCCM,0.776705614
0,707,HCCM,0.77346496
0,708,HCCM,0.770152606
0,709,HCCM,0.766644081
0,710,HCCM,0.763331841
0,711,HCCM,0.760097686
0,712,HCCM,0.75678965
0,713,HCCM,0.753553655
0,714,HCCM,0.750320494
0,715,HCCM,0.747014243
0,716,HCCM,0.743779994
0,717,HCCM,0.740286721
0,718,HCCM,0.737057777
0,719,HCCM,0.733829409
0,720,HCCM,0.730600866
0,721,HCCM,0.727370646
0,722,HCCM,0.724218304
0,723,HCCM,0.720992226
0,724,HCCM,0.717766722
0,725,HCCM,0.7142885
0,726,HCCM,0.711139509
0,727,HCCM,0.70791686
0,728,HCCM,0.778249604
0,729,HCCM,0.775018539
0,730,HCCM,0.771865372
0,731,HCCM,0.768712753
0,732,HCCM,0.765215134
0,733,HCCM,0.762064742
0,734,HCCM,0.758914899
0,735,HCCM,0.755765603
0,736,HCCM,0.752616856
0,737,HCCM,0.749468657
0,738,HCCM,0.746321005
0,739,HCCM,0.742910644
0,740,HCCM,0.739765202
0,741,HCCM,0.73669443
0,742,HCCM,0.733550069
0,743,HCCM,0.730406255
0,744,HCCM,0.727337072
0,745,HCCM,0.724194338
0,746,HCCM,0.721129202
0,747,HCCM,0.717733303
0,748,HCCM,0.714668062
0,749,HCCM,0.711602594
0,750,HCCM,0.708463663
0,751,HCCM,0.705399248
0,752,HCCM,0.702335352
0,753,HCCM,0.699274964
0,754,HCCM,0.695965661
0,755,HCCM,0.766114523
0,756,HCCM,0.763047581
0,757,HCCM,0.759984149
0,758,HCCM,0.756918246
0,759,HCCM,0.753852863
0,760,HCCM,0.750862728
0,761,HCCM,0.747801361
0,762,HCCM,0.744473993
0,763,HCCM,0.741485677
0,764,HCCM,0.738423949
0,765,HCCM,0.735440366
0,766,HCCM,0.732453544
0,767,HCCM,0.729393347
0,768,HCCM,0.726410509
0,769,HCCM,0.723170027
0,770,HCCM,0.720189229
0,771,HCCM,0.717132149
0,772,HCCM,0.714150112
0,773,HCCM,0.711170804
0,774,HCCM,0.708189007
0,775,HCCM,0.705285173
0,776,HCCM,0.702056009
0,777,HCCM,0.699079709
0,778,HCCM,0.696100923
0,779,HCCM,0.69320002
0,780,HCCM,0.690222206
0,781,HCCM,0.687247859
0,782,HCCM,0.684345405
0,783,HCCM,0.681131175
0,784,HCCM,0.678230693
0,785,HCCM,0.748253536
0,786,HCCM,0.745274408
0,787,HCCM,0.742371703
0,788,HCCM,0.739469465
0,789,HCCM,0.73656546
0,790,HCCM,0.733664156
0,791,HCCM,0.730505841
0,792,HCCM,0.72760352
0,793,HCCM,0.724705383
0,794,HCCM,0.721803995
0,795,HCCM,0.71890679
0,796,HCCM,0.716009307
0,797,HCCM,0.713185843
0,798,HCCM,0.710036155
0,799,HCCM,0.707141081
0,800,HCCM,0.704320706
0,801,HCCM,0.701424323
0,802,HCCM,0.6986041
0,803,HCCM,0.695785061
0,804,HCCM,0.692892277
0,805,HCCM,0.689830461
0,806,HCCM,0.687010045
0,807,HCCM,0.684193778
0,808,HCCM,0.681303836
0,809,HCCM,0.678488461
0,810,HCCM,0.675672786
0,811,HCCM,0.672855328
0,812,HCCM,0.669804762
0,813,HCCM,0.667064691
0,814,HCCM,0.664252499
0,815,HCCM,0.661440747
0,816,HCCM,0.658628695
0,817,HCCM,0.655891066
0,818,HCCM,0.72570742
0,819,HCCM,0.722710003
0,820,HCCM,0.719895744
0,821,HCCM,0.717154504
0,822,HCCM,0.714341112
0,823,HCCM,0.711601459
0,824,HCCM,0.708862222
0,825,HCCM,0.706049386
0,826,HCCM,0.703062913
0,827,HCCM,0.700325904
0,828,HCCM,0.697588572
0,829,HCCM,0.694852396
0,830,HCCM,0.692116635
0,831,HCCM,0.689381291
0,832,HCCM,0.686645624
0,833,HCCM,0.683911113
0,834,HCCM,0.681012906
0,835,HCCM,0.678280178
0,836,HCCM,0.675547127
0,837,HCCM,0.672888322
0,838,HCCM,0.670156829
0,839,HCCM,0.667498821
0,840,HCCM,0.664768148
0,841,HCCM,0.661879765
0,842,HCCM,0.659150873
0,843,HCCM,0.656495395
0,844,HCCM,0.65384031
0,845,HCCM,0.651188566
0,846,HCCM,0.648534265
0,847,HCCM,0.645806663
0,848,HCCM,0.642926537
0,849,HCCM,0.640274359
0,850,HCCM,0.637625519
0,851,HCCM,0.635047013
0,852,HCCM,0.632398944
0,853,HCCM,0.629748323
0,854,HCCM,0.699405063
0,855,HCCM,0.696504461
0,856,HCCM,0.693926511
0,857,HCCM,0.691272302
0,858,HCCM,0.688695103
0,859,HCCM,0.686042403
0,860,HCCM,0.683463009
0,861,HCCM,0.680814027
0,862,HCCM,0.677996569
0,863,HCCM,0.675422147
0,864,HCCM,0.672845151
0,865,HCCM,0.670195691
0,866,HCCM,0.667622388
0,867,HCCM,0.665046512
0,868,HCCM,0.662473948
0,869,HCCM,0.659666534
0,870,HCCM,0.657095614
0,871,HCCM,0.654522122
0,872,HCCM,0.651951939
0,873,HCCM,0.649454849
0,874,HCCM,0.646882455
0,875,HCCM,0.644313366
0,876,HCCM,0.641589306
0,877,HCCM,0.639021848
0,878,HCCM,0.636527406
0,879,HCCM,0.633957738
0,880,HCCM,0.631464002
0,881,HCCM,0.628895061
0,882,HCCM,0.626402029
0,883,HCCM,0.623689889
0,884,HCCM,0.621122935
0,885,HCCM,0.618631831
0,886,HCCM,0.616141807
0,887,HCCM,0.613648465
0,888,HCCM,0.611158402
0,889,HCCM,0.608668685
0,890,HCCM,0.606176385
0,891,HCCM,0.603475094
0,892,HCCM,0.672943789
0,893,HCCM,0.670523919
0,894,HCCM,0.668031794
0,895,HCCM,0.665537084
0,896,HCCM,0.663045652
0,897,HCCM,0.660627851
0,898,HCCM,0.657905771
0,899,HCCM,0.655485821
0,900,HCCM,0.65299663
0,901,HCCM,0.650581004
0,902,HCCM,0.648164971
0,903,HCCM,0.645676798
0,904,HCCM,0.643261428
0,905,HCCM,0.64062194
0,906,HCCM,0.638208069
0,907,HCCM,0.635791599
0,908,HCCM,0.633379112
0,909,HCCM,0.630966218
0,910,HCCM,0.62855365
0,911,HCCM,0.626141408
0,912,HCCM,0.623511138
0,913,HCCM,0.621100394
0,914,HCCM,0.618689974
0,915,HCCM,0.61628061
0,916,HCCM,0.613943128
0,917,HCCM,0.611533674
0,918,HCCM,0.609197543
0,919,HCCM,0.606575671
0,920,HCCM,0.604240981
0,921,HCCM,0.601833651
0,922,HCCM,0.599498851
0,923,HCCM,0.59709289
0,924,HCCM,0.59475871
0,925,HCCM,0.592425565
0,926,HCCM,0.590094911
0,927,HCCM,0.587480294
0,928,HCCM,0.585151805
0,929,HCCM,0.582819978
0,930,HCCM,0.580489184
0,931,HCCM,0.578157966
0,932,HCCM,0.575827053
0,933,HCCM,0.64520806
0,934,HCCM,0.642647497
0,935,HCCM,0.640314357
0,936,HCCM,0.637980792
0,937,HCCM,0.635648261
0,938,HCCM,0.633387455
0,939,HCCM,0.631058438
0,940,HCCM,0.628798213
0,941,HCCM,0.626247145
0,942,HCCM,0.623988293
0,943,HCCM,0.62166129
0,944,HCCM,0.619403018
0,945,HCCM,0.61714576
0,946,HCCM,0.614816737
0,947,HCCM,0.612562242
0,948,HCCM,0.610091857
0,949,HCCM,0.607835813
0,950,HCCM,0.60558369
0,951,HCCM,0.603328216
0,952,HCCM,0.601076663
0,953,HCCM,0.598822486
0,954,HCCM,0.596567867
0,955,HCCM,0.594317167
0,956,HCCM,0.591855594
0,957,HCCM,0.589675245
0,958,HCCM,0.587426178
0,959,HCCM,0.585173763
0,960,HCCM,0.582997135
0,961,HCCM,0.580746007
0,962,HCCM,0.578494437
0,963,HCCM,0.576116691
0,964,HCCM,0.573941907
0,965,HCCM,0.57169196
0,966,HCCM,0.569517717
0,967,HCCM,0.567340838
0,968,HCCM,0.565091725
0,969,HCCM,0.562918288
0,970,HCCM,0.560745115
0,971,HCCM,0.558372939
0,972,HCCM,0.556201059
0,973,HCCM,0.554026546
0,974,HCCM,0.551855196
0,975,HCCM,0.620973552
0,976,HCCM,0.618798382
0,977,HCCM,0.616623478
0,978,HCCM,0.614230795
0,979,HCCM,0.612056459
0,980,HCCM,0.609951977
0,981,HCCM,0.607778887
0,982,HCCM,0.605605338
0,983,HCCM,0.603501618
0,984,HCCM,0.601329315
0,985,HCCM,0.598947561
0,986,HCCM,0.596845339
0,987,HCCM,0.594746261
0,988,HCCM,0.592575037
0,989,HCCM,0.590473567
0,990,HCCM,0.588303587
0,991,HCCM,0.586205516
0,992,HCCM,0.584107693
0,993,HCCM,0.581803581
0,994,HCCM,0.579706264
0,995,HCCM,0.577609916
0,996,HCCM,0.575513816
0,997,HCCM,0.573415071
0,998,HCCM,0.571319465
0,999,HCCM,0.569224106
0,1000,HCCM,0.566930628
0,1001,HCCM,0.564835773
0,1002,HCCM,0.562738998
0,1003,HCCM,0.56064536
0,1004,HCCM,0.558623452
0,1005,HCCM,0.556530298
0,1006,HCCM,0.554437391
0,1007,HCCM,0.55241619
0,1008,HCCM,0.550131347
0,1009,HCCM,0.54811132
0,1010,HCCM,0.546017228
0,1011,HCCM,0.54399767
0,1012,HCCM,0.541906947
0,1013,HCCM,0.539887856
0,1014,HCCM,0.537868995
0,1015,HCCM,0.535591724
0,1016,HCCM,0.533574036
0,1017,HCCM,0.531556576
0,1018,HCCM,0.529539347
0,1019,HCCM,0.527522346
0,1020,HCCM,0.596460794
0,1021,HCCM,0.594440219
0,1022,HCCM,0.592419874
0,1023,HCCM,0.590193469
0,1024,HCCM,0.588174289
0,1025,HCCM,0.586155338
0,1026,HCCM,0.584136616
0,1027,HCCM,0.582118124
0,1028,HCCM,0.580099862
0,1029,HCCM,0.578153176
0,1030,HCCM,0.576135364
0,1031,HCCM,0.573917251
0,1032,HCCM,0.571971901
0,1033,HCCM,0.569955473
0,1034,HCCM,0.568010557
0,1035,HCCM,0.565994579
0,1036,HCCM,0.564052977
0,1037,HCCM,0.562037448
0,1038,HCCM,0.559898556
0,1039,HCCM,0.557955399
0,1040,HCCM,0.555941245
0,1041,HCCM,0.553998521
0,1042,HCCM,0.552056011
0,1043,HCCM,0.550116589
0,1044,HCCM,0.548103325
0,1045,HCCM,0.54616146
0,1046,HCCM,0.544030572
0,1047,HCCM,0.542089809
0,1048,HCCM,0.540152134
0,1049,HCCM,0.538211796
0,1050,HCCM,0.536271671
0,1051,HCCM,0.534331759
0,1052,HCCM,0.532466741
0,1053,HCCM,0.530527245
0,1054,HCCM,0.528403527
0,1055,HCCM,0.526465132
0,1056,HCCM,0.524600857
0,1057,HCCM,0.522662878
0,1058,HCCM,0.520725828
0,1059,HCCM,0.518862157
0,1060,HCCM,0.516924806
0,1061,HCCM,0.514879015
0,1062,HCCM,0.512943473
0,1063,HCCM,0.511081251
0,1064,HCCM,0.509145407
0,1065,HCCM,0.507280718
0,1066,HCCM,0.505419809
0,1067,HCCM,0.574111756
0,1068,HCCM,0.572243943
0,1069,HCCM,0.57018032
0,1070,HCCM,0.568243247
0,1071,HCCM,0.566379551
0,1072,HCCM,0.564513183
0,1073,HCCM,0.562647012
0,1074,HCCM,0.560784622
0,1075,HCCM,0.558918843
0,1076,HCCM,0.557056129
0,1077,HCCM,0.554997945
0,1078,HCCM,0.553136272
0,1079,HCCM,0.551271928
0,1080,HCCM,0.549408497
0,1081,HCCM,0.547618327
0,1082,HCCM,0.545754564
0,1083,HCCM,0.543894578
0,1084,HCCM,0.542031208
0,1085,HCCM,0.540053545
0,1086,HCCM,0.538191924
0,1087,HCCM,0.536332646
0,1088,HCCM,0.534541539
0,1089,HCCM,0.53268336
0,1090,HCCM,0.530892623
0,1091,HCCM,0.529034112
0,1092,HCCM,0.52724732
0,1093,HCCM,0.525203334
0,1094,HCCM,0.523416818
0,1095,HCCM,0.521628339
1,1,HCCM,-0.14251459
1,2,HCCM,-0.14251459
1,3,HCCM,-0.14251459
1,4,HCCM,-0.054518986
1,5,HCCM,0.033896147
1,6,HCCM,0.037144073
1,7,HCCM,0.040400929
1,8,HCCM,0.129596703
1,9,HCCM,0.133085591
1,10,HCCM,0.136634749
1,11,HCCM,0.140161001
1,12,HCCM,0.143759694
1,13,HCCM,0.147242866
1,14,HCCM,0.150887641
1,15,HCCM,0.155942675
1,16,HCCM,0.075709755
1,17,HCCM,0.084446511
1,18,HCCM,0.094902798
1,19,HCCM,0.106884846
1,20,HCCM,0.120488511
1,21,HCCM,0.135569227
1,22,HCCM,0.152032959
1,23,HCCM,0.169788578
1,24,HCCM,0.102936874
1,25,HCCM,0.123389737
1,26,HCCM,0.144993537
1,27,HCCM,0.167651323
1,28,HCCM,0.105944328
1,29,HCCM,0.130822657
1,30,HCCM,0.156669497
1,31,HCCM,0.183475332
1,32,HCCM,0.125995121
1,33,HCCM,0.154609446
1,34,HCCM,0.184042751
1,35,HCCM,0.214265019
1,36,HCCM,0.16052217
1,37,HCCM,0.192264923
1,38,HCCM,0.224665686
1,39,HCCM,0.173337008
1,40,HCCM,0.207215473
1,41,HCCM,0.157380281
1,42,HCCM,0.192463636
1,43,HCCM,0.228084887
1,44,HCCM,0.180307371
1,45,HCCM,0.216970843
1,46,HCCM,0.17043026
1,47,HCCM,0.208259486
1,48,HCCM,0.246457892
1,49,HCCM,0.201621423
1,50,HCCM,0.240823133
1,51,HCCM,0.197000976
1,52,HCCM,0.23698186
1,53,HCCM,0.194261519
1,54,HCCM,0.235085878
1,55,HCCM,0.276249038
1,56,HCCM,0.234854567
1,57,HCCM,0.276783951
1,58,HCCM,0.236224942
1,59,HCCM,0.278732797
1,60,HCCM,0.238995325
1,61,HCCM,0.282174271
1,62,HCCM,0.243173106
1,63,HCCM,0.28693514
1,64,HCCM,0.248744267
1,65,HCCM,0.293016086
1,66,HCCM,0.255457287
1,67,HCCM,0.30031459
1,68,HCCM,0.263394954
1,69,HCCM,0.30874347
1,70,HCCM,0.272455457
1,71,HCCM,0.318201322
1,72,HCCM,0.282555429
1,73,HCCM,0.32888676
1,74,HCCM,0.293781959
1,75,HCCM,0.259061913
1,76,HCCM,0.306040237
1,77,HCCM,0.271858728
1,78,HCCM,0.319334142
1,79,HCCM,0.285605116
1,80,HCCM,0.333488134
1,81,HCCM,0.300193105
1,82,HCCM,0.3483939
1,83,HCCM,0.315732075
1,84,HCCM,0.283363055
1,85,HCCM,0.332131566
1,86,HCCM,0.300203606
1,87,HCCM,0.349271112
1,88,HCCM,0.31779273
1,89,HCCM,0.286598928
1,90,HCCM,0.33624664
1,91,HCCM,0.305410475
1,92,HCCM,0.355272239
1,93,HCCM,0.324879701
1,94,HCCM,0.294686207
1,95,HCCM,0.345125389
1,96,HCCM,0.315265209
1,97,HCCM,0.366024223
1,98,HCCM,0.33661845
1,99,HCCM,0.307492255
1,100,HCCM,0.358535222
1,101,HCCM,0.329760725
1,102,HCCM,0.381238669
1,103,HCCM,0.352810872
1,104,HCCM,0.324551298
1,105,HCCM,0.376410065
1,106,HCCM,0.348604033
1,107,HCCM,0.3208861
1,108,HCCM,0.373132219
1,109,HCCM,0.345864252
1,110,HCCM,0.398237822
1,111,HCCM,0.371316748
1,112,HCCM,0.344586661
1,113,HCCM,0.397423492
1,114,HCCM,0.371034692
1,115,HCCM,0.344833525
1,116,HCCM,0.397979935
1,117,HCCM,0.372117998
1,118,HCCM,0.346442812
1,119,HCCM,0.399895112
1,120,HCCM,0.374556396
1,121,HCCM,0.349212531
1,122,HCCM,0.403241265
1,123,HCCM,0.378347104
1,124,HCCM,0.353520877
1,125,HCCM,0.407781503
1,126,HCCM,0.383281759
1,127,HCCM,0.35901294
1,128,HCCM,0.413657254
1,129,HCCM,0.389593973
1,130,HCCM,0.365837977
1,131,HCCM,0.420660703
1,132,HCCM,0.397158702
1,133,HCCM,0.37383717
1,134,HCCM,0.42896374
1,135,HCCM,0.40597353
1,136,HCCM,0.382875876
1,137,HCCM,0.438514958
1,138,HCCM,0.415736703
1,139,HCCM,0.393276695
1,140,HCCM,0.44915049
1,141,HCCM,0.426796233
1,142,HCCM,0.404761042
1,143,HCCM,0.382696064
1,144,HCCM,0.43892705
1,145,HCCM,0.417178666
1,146,HCCM,0.395664775
1,147,HCCM,0.452071963
1,148,HCCM,0.430806443
1,149,HCCM,0.409500607
1,150,HCCM,0.46634389
1,151,HCCM,0.445352045
1,152,HCCM,0.424605106
1,153,HCCM,0.403816828
1,154,HCCM,0.461028628
1,155,HCCM,0.440473029
1,156,HCCM,0.420235978
1,157,HCCM,0.477691266
1,158,HCCM,0.457543836
1,159,HCCM,0.437640956
1,160,HCCM,0.417695769
1,161,HCCM,0.475361764
1,162,HCCM,0.455798011
1,163,HCCM,0.43618603
1,164,HCCM,0.416883288
1,165,HCCM,0.47484499
1,166,HCCM,0.455788478
1,167,HCCM,0.436678535
1,168,HCCM,0.417804049
1,169,HCCM,0.476054151
1,170,HCCM,0.457417925
1,171,HCCM,0.438729792
1,172,HCCM,0.497361166
1,173,HCCM,0.478898562
1,174,HCCM,0.460685357
1,175,HCCM,0.442415796
1,176,HCCM,0.501425134
1,177,HCCM,0.483301907
1,178,HCCM,0.465506837
1,179,HCCM,0.44765284
1,180,HCCM,0.506791854
1,181,HCCM,0.489250568
1,182,HCCM,0.471715309
1,183,HCCM,0.45442604
1,184,HCCM,0.437079432
1,185,HCCM,0.496739804
1,186,HCCM,0.479540684
1,187,HCCM,0.462664096
1,188,HCCM,0.445726568
1,189,HCCM,0.505440704
1,190,HCCM,0.488813903
1,191,HCCM,0.472117944
1,192,HCCM,0.455739448
1,193,HCCM,0.515680639
1,194,HCCM,0.499460224
1,195,HCCM,0.483168643
1,196,HCCM,0.466972954
1,197,HCCM,0.451013819
1,198,HCCM,0.511315583
1,199,HCCM,0.495516255
1,200,HCCM,0.479642986
1,201,HCCM,0.464012196
1,202,HCCM,0.524613994
1,203,HCCM,0.508974218
1,204,HCCM,0.493666518
1,205,HCCM,0.478207191
1,206,HCCM,0.463069479
1,207,HCCM,0.523882834
1,208,HCCM,0.508735735
1,209,HCCM,0.493759905
1,210,HCCM,0.478791454
1,211,HCCM,0.464064501
1,212,HCCM,0.525156516
1,213,HCCM,0.510419157
1,214,HCCM,0.495856191
1,215,HCCM,0.481295871
1,216,HCCM,0.466973393
1,217,HCCM,0.528357592
1,218,HCCM,0.514026195
1,219,HCCM,0.499870649
1,220,HCCM,0.485638622
1,221,HCCM,0.471568683
1,222,HCCM,0.533399787
1,223,HCCM,0.519396204
1,224,HCCM,0.505645965
1,225,HCCM,0.491816587
1,226,HCCM,0.478071673
1,227,HCCM,0.540193535
1,228,HCCM,0.526591441
1,229,HCCM,0.513000513
1,230,HCCM,0.499738488
1,231,HCCM,0.486317077
1,232,HCCM,0.548739159
1,233,HCCM,0.535459395
1,234,HCCM,0.522266935
1,235,HCCM,0.509329949
1,236,HCCM,0.496229158
1,237,HCCM,0.483294047
1,238,HCCM,0.545909611
1,239,HCCM,0.533115773
1,240,HCCM,0.520329503
1,241,HCCM,0.507793712
1,242,HCCM,0.495176571
1,243,HCCM,0.558022333
1,244,HCCM,0.545465095
1,245,HCCM,0.533074111
1,246,HCCM,0.520860131
1,247,HCCM,0.508481301
1,248,HCCM,0.49626664
1,249,HCCM,0.559398113
1,250,HCCM,0.547320303
1,251,HCCM,0.535176444
1,252,HCCM,0.523362746
1,253,HCCM,0.511459073
1,254,HCCM,0.49956698
1,255,HCCM,0.562980869
1,256,HCCM,0.551226072
1,257,HCCM,0.539479583
1,258,HCCM,0.527989428
1,259,HCCM,0.516407211
1,260,HCCM,0.504910702
1,261,HCCM,0.568541544
1,262,HCCM,0.557182906
1,263,HCCM,0.545756627
1,264,HCCM,0.534663774
1,265,HCCM,0.52339997
1,266,HCCM,0.512222099
1,267,HCCM,0.576138956
1,268,HCCM,0.565022611
1,269,HCCM,0.553989752
1,270,HCCM,0.543216512
1,271,HCCM,0.532269839
1,272,HCCM,0.521404789
1,273,HCCM,0.510793016
1,274,HCCM,0.574745578
1,275,HCCM,0.564024978
1,276,HCCM,0.553570815
1,277,HCCM,0.542938636
1,278,HCCM,0.532388353
1,279,HCCM,0.522093917
1,280,HCCM,0.511629289
1,281,HCCM,0.575863724
1,282,HCCM,0.565652309
1,283,HCCM,0.555329872
1,284,HCCM,0.545092662
1,285,HCCM,0.535115218
1,286,HCCM,0.52488717
1,287,HCCM,0.514815271
1,288,HCCM,0.579252986
1,289,HCCM,0.569432523
1,290,HCCM,0.559431048
1,291,HCCM,0.549511271
1,292,HCCM,0.539773725
1,293,HCCM,0.530012255
1,294,HCCM,0.520180899
1,295,HCCM,0.585024575
1,296,HCCM,0.575330255
1,297,HCCM,0.565643827
1,298,HCCM,0.556221238
1,299,HCCM,0.546693255
1,300,HCCM,0.537170706
1,301,HCCM,0.527653587
1,302,HCCM,0.592706603
1,303,HCCM,0.583325711
1,304,HCCM,0.573953104
1,305,HCCM,0.564843822
1,306,HCCM,0.555553362
1,307,HCCM,0.54634354
1,308,HCCM,0.537138038
1,309,HCCM,0.602410194
1,310,HCCM,0.593266871
1,311,HCCM,0.584203288
1,312,HCCM,0.575333744
1,313,HCCM,0.566354707
1,314,HCCM,0.557377471
1,315,HCCM,0.5486631
1,316,HCCM,0.539770114
1,317,HCCM,0.605074015
1,318,HCCM,0.596320111
1,319,HCCM,0.587690209
1,320,HCCM,0.579017241
1,321,HCCM,0.570274925
1,322,HCCM,0.561873425
1,323,HCCM,0.553211819
1,324,HCCM,0.544632204
1,325,HCCM,0.610136961
1,326,HCCM,0.601819827
1,327,HCCM,0.593380694
1,328,HCCM,0.584945809
1,329,HCCM,0.576515167
1,330,HCCM,0.568350373
1,331,HCCM,0.55999985
1,332,HCCM,0.551731663
1,333,HCCM,0.61765469
1,334,HCCM,0.60937291
1,335,HCCM,0.601170463
1,336,HCCM,0.593043476
1,337,HCCM,0.585115468
1,338,HCCM,0.57699668
1,339,HCCM,0.568955444
1,340,HCCM,0.560993154
1,341,HCCM,0.553142655
1,342,HCCM,0.619010305
1,343,HCCM,0.611113666
1,344,HCCM,0.603422697
1,345,HCCM,0.595530875
1,346,HCCM,0.587720108
1,347,HCCM,0.579912974
1,348,HCCM,0.572373271
1,349,HCCM,0.56464205
1,350,HCCM,0.556918139
1,351,HCCM,0.622987739
1,352,HCCM,0.615533598
1,353,HCCM,0.607949403
1,354,HCCM,0.600368629
1,355,HCCM,0.592793524
1,356,HCCM,0.585487031
1,357,HCCM,0.577991178
1,358,HCCM,0.570495672
1,359,HCCM,0.563266605
1,360,HCCM,0.629496305
1,361,HCCM,0.62214339
1,362,HCCM,0.614794436
1,363,HCCM,0.607648619
1,364,HCCM,0.600302907
1,365,HCCM,0.59310872
1,366,HCCM,0.585843482
1,367,HCCM,0.5788497
1,368,HCCM,0.571663141
1,369,HCCM,0.638028365
1,370,HCCM,0.63090642
1,371,HCCM,0.623995945
1,372,HCCM,0.616954812
1,373,HCCM,0.609838761
1,374,HCCM,0.602880625
1,375,HCCM,0.596042363
1,376,HCCM,0.58908397
1,377,HCCM,0.582129201
1,378,HCCM,0.575254284
1,379,HCCM,0.641963148
1,380,HCCM,0.635147721
1,381,HCCM,0.628263958
1,382,HCCM,0.621454067
1,383,HCCM,0.61485331
1,384,HCCM,0.608120686
1,385,HCCM,0.601319751
1,386,HCCM,0.594669481
1,387,HCCM,0.588140284
1,388,HCCM,0.581493092
1,389,HCCM,0.648216268
1,390,HCCM,0.64155985
1,391,HCCM,0.635191062
1,392,HCCM,0.628611655
1,393,HCCM,0.62203855
1,394,HCCM,0.615538208
1,395,HCCM,0.609242854
1,396,HCCM,0.602749101
1,397,HCCM,0.596254116
1,398,HCCM,0.589836228
1,399,HCCM,0.583423765
1,400,HCCM,0.65048909
1,401,HCCM,0.644137156
1,402,HCCM,0.637789103
1,403,HCCM,0.631444182
1,404,HCCM,0.625382729
1,405,HCCM,0.619040444
1,406,HCCM,0.612774378
1,407,HCCM,0.606584446
1,408,HCCM,0.600522047
1,409,HCCM,0.594335375
1,410,HCCM,0.661351228
1,411,HCCM,0.655231802
1,412,HCCM,0.649253018
1,413,HCCM,0.643133781
1,414,HCCM,0.637018996
1,415,HCCM,0.630977243
1,416,HCCM,0.624941375
1,417,HCCM,0.619112262
1,418,HCCM,0.613075724
1,419,HCCM,0.607043575
1,420,HCCM,0.60108802
1,421,HCCM,0.595331343
1,422,HCCM,0.662488044
1,423,HCCM,0.656600714
1,424,HCCM,0.65071245
1,425,HCCM,0.644825489
1,426,HCCM,0.639153453
1,427,HCCM,0.633269378
1,428,HCCM,0.627461049
1,429,HCCM,0.621654713
1,430,HCCM,0.616057136
1,431,HCCM,0.610327248
1,432,HCCM,0.604601533
1,433,HCCM,0.671827164
1,434,HCCM,0.666388787
1,435,HCCM,0.660651646
1,436,HCCM,0.654993133
1,437,HCCM,0.649333532
1,438,HCCM,0.643678798
1,439,HCCM,0.638237991
1,440,HCCM,0.63265953
1,441,HCCM,0.627008554
1,442,HCCM,0.621430075
1,443,HCCM,0.616061889
1,444,HCCM,0.610561763
1,445,HCCM,0.678016974
1,446,HCCM,0.672435646
1,447,HCCM,0.667002705
1,448,HCCM,0.66171861
1,449,HCCM,0.656213742
1,450,HCCM,0.650787979
1,451,HCCM,0.645360978
1,452,HCCM,0.639934972
1,453,HCCM,0.634799053
1,454,HCCM,0.629375433
1,455,HCCM,0.624029284
1,456,HCCM,0.618682594
1,457,HCCM,0.686427971
1,458,HCCM,0.68107138
1,459,HCCM,0.675792306
1,460,HCCM,0.670515617
1,461,HCCM,0.665240568
1,462,HCCM,0.660183882
1,463,HCCM,0.654910356
1,464,HCCM,0.649711977
1,465,HCCM,0.644441703
1,466,HCCM,0.63924653
1,467,HCCM,0.634264086
1,468,HCCM,0.629143807
1,469,HCCM,0.623951652
1,470,HCCM,0.691623941
1,471,HCCM,0.686500309
1,472,HCCM,0.681602969
1,473,HCCM,0.67647775
1,474,HCCM,0.671354076
1,475,HCCM,0.666308386
1,476,HCCM,0.661482315
1,477,HCCM,0.65643794
1,478,HCCM,0.651392096
1,479,HCCM,0.646348492
1,480,HCCM,0.641308609
1,481,HCCM,0.636552734
1,482,HCCM,0.631588249
1,483,HCCM,0.699342414
1,484,HCCM,0.694367237
1,485,HCCM,0.68939574
1,486,HCCM,0.684728119
1,487,HCCM,0.679754881
1,488,HCCM,0.674860225
1,489,HCCM,0.669966235
1,490,HCCM,0.665074395
1,491,HCCM,0.66040417
1,492,HCCM,0.655586131
1,493,HCCM,0.650696858
1,494,HCCM,0.64588231
1,495,HCCM,0.641068384
1,496,HCCM,0.636468859
1,497,HCCM,0.704305035
1,498,HCCM,0.699484051
1,499,HCCM,0.694737828
1,500,HCCM,0.68991881
1,501,HCCM,0.685406913
1,502,HCCM,0.680663092
1,503,HCCM,0.675920592
1,504,HCCM,0.671182375
1,505,HCCM,0.666515813
1,506,HCCM,0.661998212
1,507,HCCM,0.657335631
1,508,HCCM,0.652671367
1,509,HCCM,0.64801134
1,510,HCCM,0.64334963
1,511,HCCM,0.711481932
1,512,HCCM,0.706811281
1,513,HCCM,0.702218215
1,514,HCCM,0.6975501
1,515,HCCM,0.692959527
1,516,HCCM,0.688600184
1,517,HCCM,0.68401129
1,518,HCCM,0.67941993
1,519,HCCM,0.674906016
1,520,HCCM,0.670320067
1,521,HCCM,0.665957857
1,522,HCCM,0.661446797
1,523,HCCM,0.656933234
1,524,HCCM,0.652424563
1,525,HCCM,0.647916345
1,526,HCCM,0.715888443
1,527,HCCM,0.711610861
1,528,HCCM,0.707169146
1,529,HCCM,0.702654586
1,530,HCCM,0.6982152
1,531,HCCM,0.693776229
1,532,HCCM,0.689571919
1,533,HCCM,0.685134512
1,534,HCCM,0.680697518
1,535,HCCM,0.676262417
1,536,HCCM,0.67182773
1,537,HCCM,0.66769433
1,538,HCCM,0.663334322
1,539,HCCM,0.658901569
1,540,HCCM,0.654543807
1,541,HCCM,0.722603851
1,542,HCCM,0.718239066
1,543,HCCM,0.714113571
1,544,HCCM,0.709825718
1,545,HCCM,0.705462797
1,546,HCCM,0.701103207
1,547,HCCM,0.696815662
1,548,HCCM,0.692763996
1,549,HCCM,0.688403291
1,550,HCCM,0.684120511
1,551,HCCM,0.67983585
1,552,HCCM,0.675628299
1,553,HCCM,0.671572814
1,554,HCCM,0.667289922
1,555,HCCM,0.663011056
1,556,HCCM,0.658806296
1,557,HCCM,0.726937616
1,558,HCCM,0.722652131
1,559,HCCM,0.718682277
1,560,HCCM,0.714468409
1,561,HCCM,0.710258533
1,562,HCCM,0.706049693
1,563,HCCM,0.701841889
1,564,HCCM,0.697942005
1,565,HCCM,0.693734843
1,566,HCCM,0.689601773
1,567,HCCM,0.685393711
1,568,HCCM,0.681262657
1,569,HCCM,0.6771326
1,570,HCCM,0.673156143
1,571,HCCM,0.669026715
1,572,HCCM,0.664898285
1,573,HCCM,0.733043781
1,574,HCCM,0.728981715
1,575,HCCM,0.724847534
1,576,HCCM,0.720956039
1,577,HCCM,0.716895534
1,578,HCCM,0.712762943
1,579,HCCM,0.708707331
1,580,HCCM,0.70464973
1,581,HCCM,0.700755826
1,582,HCCM,0.696698804
1,583,HCCM,0.692642743
1,584,HCCM,0.688587643
1,585,HCCM,0.684536451
1,586,HCCM,0.680556943
1,587,HCCM,0.67673172
1,588,HCCM,0.672682028
1,589,HCCM,0.668703258
1,590,HCCM,0.736848751
1,591,HCCM,0.732867145
1,592,HCCM,0.728882776
1,593,HCCM,0.725069651
1,594,HCCM,0.721088763
1,595,HCCM,0.717106587
1,596,HCCM,0.713124599
1,597,HCCM,0.709146484
1,598,HCCM,0.705403873
1,599,HCCM,0.701499211
1,600,HCCM,0.697520302
1,601,HCCM,0.693544527
1,602,HCCM,0.68963962
1,603,HCCM,0.685665673
1,604,HCCM,0.681995251
1,605,HCCM,0.678091717
1,606,HCCM,0.674119901
1,607,HCCM,0.74234531
1,608,HCCM,0.738439931
1,609,HCCM,0.734531755
1,610,HCCM,0.73087366
1,611,HCCM,0.726968897
1,612,HCCM,0.723062813
1,613,HCCM,0.719159827
1,614,HCCM,0.715330622
1,615,HCCM,0.71143013
1,616,HCCM,0.707838291
1,617,HCCM,0.703937509
1,618,HCCM,0.700111202
1,619,HCCM,0.696209234
1,620,HCCM,0.692384651
1,621,HCCM,0.688560185
1,622,HCCM,0.684967547
1,623,HCCM,0.681070705
1,624,HCCM,0.677248262
1,625,HCCM,0.745480878
1,626,HCCM,0.741651375
1,627,HCCM,0.737896345
1,628,HCCM,0.734315444
1,629,HCCM,0.730487933
1,630,HCCM,0.726661274
1,631,HCCM,0.722907575
1,632,HCCM,0.719082604
1,633,HCCM,0.715331296
1,634,HCCM,0.71174668
1,635,HCCM,0.707995764
1,636,HCCM,0.704245668
1,637,HCCM,0.700422882
1,638,HCCM,0.696674439
1,639,HCCM,0.692926813
1,640,HCCM,0.689411974
1,641,HCCM,0.685663988
1,642,HCCM,0.681917554
1,643,HCCM,0.678171938
1,644,HCCM,0.746402905
1,645,HCCM,0.74272316
1,646,HCCM,0.739220943
1,647,HCCM,0.735472411
1,648,HCCM,0.731794554
1,649,HCCM,0.728043964
1,650,HCCM,0.724367694
1,651,HCCM,0.720619458
1,652,HCCM,0.716947714
1,653,HCCM,0.713514057
1,654,HCCM,0.709766977
1,655,HCCM,0.706092692
1,656,HCCM,0.702419927
1,657,HCCM,0.698750883
1,658,HCCM,0.695079686
1,659,HCCM,0.691642228
1,660,HCCM,0.687974298
1,661,HCCM,0.684304215
1,662,HCCM,0.680634916
1,663,HCCM,0.74894738
1,664,HCCM,0.745271222
1,665,HCCM,0.741846533
1,666,HCCM,0.738247124
1,667,HCCM,0.7345728
1,668,HCCM,0.730971974
1,669,HCCM,0.727302139
1,670,HCCM,0.723702833
1,671,HCCM,0.720274373
1,672,HCCM,0.71667831
1,673,HCCM,0.713080062
1,674,HCCM,0.709485502
1,675,HCCM,0.705888757
1,676,HCCM,0.702223082
1,677,HCCM,0.698627854
1,678,HCCM,0.695270724
1,679,HCCM,0.691748382
1,680,HCCM,0.688157112
1,681,HCCM,0.684563659
1,682,HCCM,0.680973888
1,683,HCCM,0.749205537
1,684,HCCM,0.745934759
1,685,HCCM,0.742337783
1,686,HCCM,0.738812755
1,687,HCCM,0.735217998
1,688,HCCM,0.731696627
1,689,HCCM,0.72810042
1,690,HCCM,0.724580502
1,691,HCCM,0.721301725
1,692,HCCM,0.717782058
1,693,HCCM,0.714190524
1,694,HCCM,0.71067011
1,695,HCCM,0.707152614
1,696,HCCM,0.703635835
1,697,HCCM,0.700353211
1,698,HCCM,0.696836682
1,699,HCCM,0.693320871
1,700,HCCM,0.689879016
1,701,HCCM,0.686364624
1,702,HCCM,0.682848021
1,703,HCCM,0.679335063
1,704,HCCM,0.747890538
1,705,HCCM,0.744370494
1,706,HCCM,0.740920829
1,707,HCCM,0.737402207
1,708,HCCM,0.733957599
1,709,HCCM,0.730512946
1,710,HCCM,0.726996446
1,711,HCCM,0.723797626
1,712,HCCM,0.72035462
1,713,HCCM,0.716911568
1,714,HCCM,0.713466274
1,715,HCCM,0.710025329
1,716,HCCM,0.706584339
1,717,HCCM,0.703381663
1,718,HCCM,0.699940883
1,719,HCCM,0.696501521
1,720,HCCM,0.693062113
1,721,HCCM,0.689696547
1,722,HCCM,0.686258496
1,723,HCCM,0.68282113
1,724,HCCM,0.679687265
1,725,HCCM,0.747942219
1,726,HCCM,0.744571116
1,727,HCCM,0.741128889
1,728,HCCM,0.737759116
1,729,HCCM,0.734390733
1,730,HCCM,0.730949802
1,731,HCCM,0.727828068
1,732,HCCM,0.724463458
1,733,HCCM,0.721095845
1,734,HCCM,0.717729619
1,735,HCCM,0.714363319
1,736,HCCM,0.710998405
1,737,HCCM,0.707633417
1,738,HCCM,0.704507334
1,739,HCCM,0.701146175
1,740,HCCM,0.697854395
1,741,HCCM,0.694491607
1,742,HCCM,0.691128743
1,743,HCCM,0.687842525
1,744,HCCM,0.684712591
1,745,HCCM,0.681423605
1,746,HCCM,0.678062194
1,747,HCCM,0.674774474
1,748,HCCM,0.743091437
1,749,HCCM,0.73972499
1,750,HCCM,0.736432345
1,751,HCCM,0.733390708
1,752,HCCM,0.730098202
1,753,HCCM,0.726806323
1,754,HCCM,0.723517264
1,755,HCCM,0.720226638
1,756,HCCM,0.716935907
1,757,HCCM,0.713649456
1,758,HCCM,0.710600533
1,759,HCCM,0.70738656
1,760,HCCM,0.704097936
1,761,HCCM,0.700809206
1,762,HCCM,0.697597054
1,763,HCCM,0.694310291
1,764,HCCM,0.691098616
1,765,HCCM,0.688046089
1,766,HCCM,0.684835264
1,767,HCCM,0.681622116
1,768,HCCM,0.678411754
1,769,HCCM,0.675127571
1,770,HCCM,0.671918416
1,771,HCCM,0.740229582
1,772,HCCM,0.737015708
1,773,HCCM,0.734051093
1,774,HCCM,0.730833671
1,775,HCCM,0.727620499
1,776,HCCM,0.724405002
1,777,HCCM,0.721265319
1,778,HCCM,0.718053193
1,779,HCCM,0.714839473
1,780,HCCM,0.71194278
1,781,HCCM,0.708732071
1,782,HCCM,0.705591292
1,783,HCCM,0.702381031
1,784,HCCM,0.699244323
1,785,HCCM,0.696105265
1,786,HCCM,0.692897494
1,787,HCCM,0.689996402
1,788,HCCM,0.686860918
1,789,HCCM,0.683723086
1,790,HCCM,0.68058801
1,791,HCCM,0.677454231
1,792,HCCM,0.67432102
1,793,HCCM,0.671185461
1,794,HCCM,0.739744646
1,795,HCCM,0.736605603
1,796,HCCM,0.733539397
1,797,HCCM,0.730401479
1,798,HCCM,0.727264128
1,799,HCCM,0.724199575
1,800,HCCM,0.721060429
1,801,HCCM,0.71824061
1,802,HCCM,0.715176656
1,803,HCCM,0.712040313
1,804,HCCM,0.708977456
1,805,HCCM,0.705915869
1,806,HCCM,0.702854095
1,807,HCCM,0.699792861
1,808,HCCM,0.696732169
1,809,HCCM,0.69390748
1,810,HCCM,0.690846831
1,811,HCCM,0.687786723
1,812,HCCM,0.684727156
1,813,HCCM,0.681668129
1,814,HCCM,0.678681729
1,815,HCCM,0.67562377
1,816,HCCM,0.672794727
1,817,HCCM,0.669811795
1,818,HCCM,0.666751494
1,819,HCCM,0.73514885
1,820,HCCM,0.732158409
1,821,HCCM,0.729096312
1,822,HCCM,0.726107644
1,823,HCCM,0.723118762
1,824,HCCM,0.72037792
1,825,HCCM,0.717389053
1,826,HCCM,0.7144007
1,827,HCCM,0.711412863
1,828,HCCM,0.708426269
1,829,HCCM,0.705442373
1,830,HCCM,0.702456079
1,831,HCCM,0.699780069
1,832,HCCM,0.696793776
1,833,HCCM,0.69381091
1,834,HCCM,0.690898433
1,835,HCCM,0.68791367
1,836,HCCM,0.685004367
1,837,HCCM,0.682093369
1,838,HCCM,0.679110122
1,839,HCCM,0.67643214
1,840,HCCM,0.673520904
1,841,HCCM,0.670613793
1,842,HCCM,0.667703534
1,843,HCCM,0.664793764
1,844,HCCM,0.733190705
1,845,HCCM,0.730276654
1,846,HCCM,0.727612595
1,847,HCCM,0.724697803
1,848,HCCM,0.721787141
1,849,HCCM,0.718945402
1,850,HCCM,0.716034976
1,851,HCCM,0.713194906
1,852,HCCM,0.710285444
1,853,HCCM,0.707446315
1,854,HCCM,0.704777455
1,855,HCCM,0.701937573
1,856,HCCM,0.699101792
1,857,HCCM,0.696190834
1,858,HCCM,0.693355992
1,859,HCCM,0.690520886
1,860,HCCM,0.687684062
1,861,HCCM,0.684849882
1,862,HCCM,0.682248223
1,863,HCCM,0.679411825
1,864,HCCM,0.676650017
1,865,HCCM,0.67381744
1,866,HCCM,0.670981693
1,867,HCCM,0.668221952
1,868,HCCM,0.665390025
1,869,HCCM,0.662559286
1,870,HCCM,0.660021829
1,871,HCCM,0.728501795
1,872,HCCM,0.725664916
1,873,HCCM,0.722901242
1,874,HCCM,0.720138007
1,875,HCCM,0.717371576
1,876,HCCM,0.71453724
1,877,HCCM,0.711774608
1,878,HCCM,0.709254549
1,879,HCCM,0.706491854
1,880,HCCM,0.703802284
1,881,HCCM,0.701041183
1,882,HCCM,0.698276888
1,883,HCCM,0.695516665
1,884,HCCM,0.692828793
1,885,HCCM,0.690068709
1,886,HCCM,0.687543887
1,887,HCCM,0.68485637
1,888,HCCM,0.682168543
1,889,HCCM,0.679409976
1,890,HCCM,0.676723717
1,891,HCCM,0.674037147
1,892,HCCM,0.671279871
1,893,HCCM,0.66882267
1,894,HCCM,0.666136443
1,895,HCCM,0.663451356
1,896,HCCM,0.660766685
1,897,HCCM,0.658082429
1,898,HCCM,0.726561778
1,899,HCCM,0.723947701
1,900,HCCM,0.721259179
1,901,HCCM,0.718571073
1,902,HCCM,0.716199311
1,903,HCCM,0.713510382
1,904,HCCM,0.710894506
1,905,HCCM,0.708210028
1,906,HCCM,0.705594949
1,907,HCCM,0.702907659
1,908,HCCM,0.700293376
1,909,HCCM,0.697679487
1,910,HCCM,0.695305876
1,911,HCCM,0.692620021
1,912,HCCM,0.69000643
1,913,HCCM,0.687393231
1,914,HCCM,0.684782601
1,915,HCCM,0.682242004
1,916,HCCM,0.679629971
1,917,HCCM,0.677021232
1,918,HCCM,0.674640001
1,919,HCCM,0.672028254
1,920,HCCM,0.669491588
1,921,HCCM,0.666880614
1,922,HCCM,0.664344698
1,923,HCCM,0.661734498
1,924,HCCM,0.659196433
1,925,HCCM,0.656589904
1,926,HCCM,0.725383363
1,927,HCCM,0.722843269
1,928,HCCM,0.720300642
1,929,HCCM,0.717761289
1,930,HCCM,0.715219404
1,931,HCCM,0.712606047
1,932,HCCM,0.710139647
1,933,HCCM,0.707601776
1,934,HCCM,0.705302008
1,935,HCCM,0.70276401
1,936,HCCM,0.700223481
1,937,HCCM,0.697686223
1,938,HCCM,0.695218228
1,939,HCCM,0.6926817
1,940,HCCM,0.690214414
1,941,HCCM,0.687678614
1,942,HCCM,0.685214936
1,943,HCCM,0.682910041
1,944,HCCM,0.68044623
1,945,HCCM,0.677983492
1,946,HCCM,0.675445744
1,947,HCCM,0.672982989
1,948,HCCM,0.670520582
1,949,HCCM,0.668055627
1,950,HCCM,0.665593917
1,951,HCCM,0.663359035
1,952,HCCM,0.660895008
1,953,HCCM,0.658433503
1,954,HCCM,0.655972345
1,955,HCCM,0.724540922
1,956,HCCM,0.722147244
1,957,HCCM,0.719682826
1,958,HCCM,0.71721803
1,959,HCCM,0.715069576
1,960,HCCM,0.712601724
1,961,HCCM,0.710209627
1,962,HCCM,0.707745362
1,963,HCCM,0.705353206
1,964,HCCM,0.702961378
1,965,HCCM,0.700498138
1,966,HCCM,0.698107701
1,967,HCCM,0.695716866
1,968,HCCM,0.693560415
1,969,HCCM,0.691170145
1,970,HCCM,0.688779477
1,971,HCCM,0.686389138
1,972,HCCM,0.683999851
1,973,HCCM,0.681610166
1,974,HCCM,0.67922081
1,975,HCCM,0.676831781
1,976,HCCM,0.674746063
1,977,HCCM,0.672356863
1,978,HCCM,0.669967989
1,979,HCCM,0.667651819
1,980,HCCM,0.665263591
1,981,HCCM,0.662948045
1,982,HCCM,0.660560462
1,983,HCCM,0.658244818
1,984,HCCM,0.726897641
1,985,HCCM,0.724753937
1,986,HCCM,0.722434443
1,987,HCCM,0.720117431
1,988,HCCM,0.717797828
1,989,HCCM,0.715407531
1,990,HCCM,0.713088554
1,991,HCCM,0.710770609
1,992,HCCM,0.708452248
1,993,HCCM,0.706134918
1,994,HCCM,0.704129661
1,995,HCCM,0.701814317
1,996,HCCM,0.699497108
1,997,HCCM,0.697179483
1,998,HCCM,0.694934554
1,999,HCCM,0.692618259
1,1000,HCCM,0.690304441
1,1001,HCCM,0.688059673
1,1002,HCCM,0.685744289
1,1003,HCCM,0.683734747
1,1004,HCCM,0.681421347
1,1005,HCCM,0.679177706
1,1006,HCCM,0.676933631
1,1007,HCCM,0.674618963
1,1008,HCCM,0.672378367
1,1009,HCCM,0.670135889
1,1010,HCCM,0.667892976
1,1011,HCCM,0.665881852
1,1012,HCCM,0.663639471
1,1013,HCCM,0.661325081
1,1014,HCCM,0.659157742
1,1015,HCCM,0.727832308
1,1016,HCCM,0.72558942
1,1017,HCCM,0.7233432
1,1018,HCCM,0.721097992
1,1019,HCCM,0.718855969
1,1020,HCCM,0.716927708
1,1021,HCCM,0.714685483
1,1022,HCCM,0.712439927
1,1023,HCCM,0.710267035
1,1024,HCCM,0.708025665
1,1025,HCCM,0.705853322
1,1026,HCCM,0.703611794
1,1027,HCCM,0.70144
1,1028,HCCM,0.699199037
1,1029,HCCM,0.697266582
1,1030,HCCM,0.695097755
1,1031,HCCM,0.692926305
1,1032,HCCM,0.690685698
1,1033,HCCM,0.688514796
1,1034,HCCM,0.686347055
1,1035,HCCM,0.684175969
1,1036,HCCM,0.682008767
1,1037,HCCM,0.679841834
1,1038,HCCM,0.677904517
1,1039,HCCM,0.675736657
1,1040,HCCM,0.673566897
1,1041,HCCM,0.671400297
1,1042,HCCM,0.669305498
1,1043,HCCM,0.667135814
1,1044,HCCM,0.664970011
1,1045,HCCM,0.662875983
1,1046,HCCM,0.66070782
1,1047,HCCM,0.729643335
1,1048,HCCM,0.727542217
1,1049,HCCM,0.725372606
1,1050,HCCM,0.723274895
1,1051,HCCM,0.721102918
1,1052,HCCM,0.719004996
1,1053,HCCM,0.716908048
1,1054,HCCM,0.714736861
1,1055,HCCM,0.712640425
1,1056,HCCM,0.71078791
1,1057,HCCM,0.708691257
1,1058,HCCM,0.706594132
1,1059,HCCM,0.70449509
1,1060,HCCM,0.70239919
1,1061,HCCM,0.700303542
1,1062,HCCM,0.698208145
1,1063,HCCM,0.696112998
1,1064,HCCM,0.694015213
1,1065,HCCM,0.691920568
1,1066,HCCM,0.690062099
1,1067,HCCM,0.687967238
1,1068,HCCM,0.685869738
1,1069,HCCM,0.683846897
1,1070,HCCM,0.681752779
1,1071,HCCM,0.679658913
1,1072,HCCM,0.67763679
1,1073,HCCM,0.675543416
1,1074,HCCM,0.673521768
1,1075,HCCM,0.671659301
1,1076,HCCM,0.669637435
1,1077,HCCM,0.667541441
1,1078,HCCM,0.66552005
1,1079,HCCM,0.734308383
1,1080,HCCM,0.732211775
1,1081,HCCM,0.730187004
1,1082,HCCM,0.728162466
1,1083,HCCM,0.726138162
1,1084,HCCM,0.724362673
1,1085,HCCM,0.722338142
1,1086,HCCM,0.720241553
1,1087,HCCM,0.718217498
1,1088,HCCM,0.716193677
1,1089,HCCM,0.714170812
1,1090,HCCM,0.712218994
1,1091,HCCM,0.710195866
1,1092,HCCM,0.708172971
1,1093,HCCM,0.706392807
1,1094,HCCM,0.704369684
1,1095,HCCM,0.702346796